code, 0.027374
concept, 0.027374
completion, 0.027374
style, 0.027374
fallbacks, 0.027374
combo, 0.027374
handle, 0.027374
confuse, 0.027374
import, 0.027374
bit, 0.027374
tab-size, 0.027374
colon, 0.027374
reset, 0.027374
related, 0.027374
thing, 0.027374
space, 0.027374
section, 0.027374
/, 0.027374
state, 0.027374
available, 0.027374
widget, 0.027374
right, 0.027374
how, 0.027374
situation, 0.027374
.Now, 0.027374
Tabs, 0.027374
QML, 0.027374
keep, 0.027374
etc, 0.027374
point, 0.027374
actually, 0.027374
or, 0.027374
help, 0.027374
least, 0.027374
much, 0.027374
lot, 0.027374
Identation, 0.027374
something, 0.027374
initial, 0.027374
line, 0.027374
believe, 0.027374
those, 0.027374
intuitive, 0.027374
value, 0.027374
similar, 0.027374
usability, 0.027374
feature, 0.027374
concern, 0.027374
replace, 0.027374
wonder, 0.027374
picky, 0.027374
maybe, 0.027374
many, 0.027374
way, 0.027374
original, 0.027374
fact, 0.027374
all, 0.051136
text, 0.051136
identify, 0.051136
by, 0.051136
use, 0.051136
clear, 0.051136
specific, 0.054747
now, 0.054747
global, 0.054747
project, 0.054747
indentation, 0.054747
great, 0.054747
really, 0.054747
tab, 0.054747
around, 0.057999
scalable, 0.057999
solution, 0.057999
ignore, 0.057999
because, 0.057999
case, 0.057999
API, 0.057999
probably, 0.057999
active, 0.057999
simply, 0.057999
duplicate, 0.057999
more, 0.057999
moment.I., 0.057999
whether, 0.057999
plain, 0.057999
highlight, 0.057999
give, 0.057999
suggest, 0.057999
able, 0.057999
instance, 0.057999
sure, 0.057999
minority, 0.057999
user, 0.057999
significant, 0.057999
request, 0.057999
option, 0.072404
make, 0.075790
only, 0.080666
have, 0.080666
export, 0.081981
think, 0.081981
setting, 0.082121
language, 0.082121
C++, 0.082121
since, 0.087539
approach, 0.087539
message, 0.087539
would, 0.087539
add, 0.087539
sense, 0.087539
other, 0.087539
which, 0.087539
Im, 0.087539
editor, 0.088959
@card@, 0.092983
move, 0.092983
note, 0.092983
fit, 0.092983
qtsupport, 0.092983
them, 0.092983
restoreFromLegacyConfig, 0.092983
proparser, 0.092983
here, 0.092983
on, 0.092983
toolForFoo, 0.092983
elaborate, 0.092983
technically, 0.092983
can, 0.092983
utils, 0.092983
face, 0.092983
separate, 0.092983
i, 0.092983
go, 0.099287
still, 0.099287
previous, 0.099287
like, 0.099287
ok, 0.099287
suggestion, 0.099287
warning, 0.099287
already, 0.099287
relate, 0.099287
prefer, 0.099287
m_isMissingSyntaxDefinition, 0.099287
itself, 0.099287
example, 0.099287
exist, 0.099287
PlainTextEditorWidget, 0.099287
bool, 0.099287
could, 0.102273
we, 0.109494
*, 0.115999
info, 0.115999
just, 0.132203
at, 0.132203
configuration, 0.143466
one, 0.143466
part, 0.143466
any, 0.143466
and, 0.151581
for, 0.161333
find, 0.162720
anyway, 0.162720
your, 0.162720
isnt, 0.162720
where, 0.162720
Qt, 0.162720
run, 0.162720
logic, 0.162720
into, 0.162720
with, 0.162720
dubious, 0.162720
(, 0.163404
should, 0.163961
replaced-dns, 0.163961
well, 0.163961
bar, 0.173998
IFile, 0.173998
member, 0.175077
commit, 0.185966
its, 0.198574
same, 0.198646
file, 0.225305
Internal, 0.225305
Itd, 0.225305
.ui, 0.225305
namespace, 0.225305
QmlJSTools, 0.225305
CppCodeStyleSettingsPage, 0.225305
nice, 0.225305
), 0.225899
in, 0.236028
of, 0.248424
-, 0.264407
no, 0.286933
approve, 0.325441
condition, 0.325441
QmlProject, 0.325441
there, 0.325441
statement, 0.325441
id, 0.325441
assignment, 0.325441
qmldump, 0.325441
be, 0.326002
it, 0.326807
a, 0.329854
as, 0.343972
old, 0.344319
but, 0.372637
I, 0.372637
DesignDocumentController, 0.390529
continue, 0.390529
very, 0.390529
remove, 0.390529
AllPropertiesBox, 0.390529
up, 0.390529
will, 0.390529
integration.I., 0.390529
clean, 0.390529
good, 0.430399
not, 0.430399
me, 0.450610
know, 0.450610
doesnt, 0.450610
anything, 0.450610
sensible, 0.450610
To, 0.450610
someone, 0.450610
who, 0.450610
yet, 0.488161
approver, 0.488161
an, 0.488161
this, 0.508272
the, 0.522958
if, 0.528813
look, 0.531062
to, 0.558860
:, 0.558955
from, 0.594915
that, 0.594915
change, 0.594915
my, 0.594915
..., 0.606928
break, 0.645598
replaced-url, 0.645598
after, 0.645598
set, 0.645598
,, 0.652004
you, 0.679903
patch, 0.732242
screen, 0.732242
review, 0.732242
last, 0.732242
?, 0.737827
due, 0.737827
fix, 0.836848
issue, 0.836848
dereference, 0.836848
first, 0.836848
0-pointer, 0.836848
possible, 0.836848
Can, 0.836848
., 0.915177
see, 1.464483
inline, 1.464483
comment, 2.379660
nonsense, 2.928967
